,clf,durations
0,KNN,0.05423734188079834
1,tKNN,73.52827951908111
2,NSC,0.10470094680786132
3,tNSC,4.4924152135849
4,LSVM,1.0862231492996215
5,tLSVM,46.65058114528656
