,clf,durations
0,KNN,0.05180654525756836
1,tKNN,73.68482253551483
2,NSC,0.11077020168304444
3,tNSC,5.319409132003784
4,LSVM,1.128725028038025
5,tLSVM,47.27650649547577
