,clf,durations
0,KNN,0.047853827476501465
1,tKNN,73.9940711736679
2,NSC,0.10026116371154785
3,tNSC,3.305433988571167
4,LSVM,0.958687424659729
5,tLSVM,41.41794500350952
