,clf,durations
0,KNN,0.0306746244430542
1,tKNN,187.81569950580598
2,NSC,0.08990075588226318
3,tNSC,1.3959448337554932
4,MNB,0.026503992080688477
5,tMNB,0.5424965381622314
6,LSVM,0.2543670654296875
7,tLSVM,12.299905157089233
8,LR,0.1434298038482666
9,tLR,31.789149403572083
