,clf,durations
0,LSVM,0.8602470636367798
1,tLSVM,35.32906291484833
2,RF,1.1682761907577515
3,tRF,357.1570709705353
