,clf,durations
0,LSVM,1.0773610115051269
1,tLSVM,43.880137300491334
2,RF,1.2411777019500732
3,tRF,382.46767756938937
