,clf,durations
0,LSVM,1.5070022106170655
1,tLSVM,38.01947982311249
2,RF,1.0707288265228272
3,tRF,306.795139336586
