,clf,durations
0,LSVM,1.030060362815857
1,tLSVM,26.96111707687378
2,RF,0.9920637845993042
3,tRF,435.29060604572294
