,clf,durations
0,LSVM,1.5334873437881469
1,tLSVM,39.794822978973386
2,RF,1.1212687730789184
3,tRF,318.71075723171236
