,clf,durations
0,LSVM,1.080679678916931
1,tLSVM,27.947518014907835
2,RF,1.029141902923584
3,tRF,452.05248353481295
