,clf,durations
0,D-KNN,0.036730384826660155
1,D-tKNN,185.59428570270538
2,D-NSC,0.08070878982543946
3,D-tNSC,0.41658308506011965
4,LSVM,0.4058098316192627
5,tLSVM,14.768734073638916
6,LR,0.6269700765609741
7,tLR,30.626649379730225
