,clf,durations
0,D-KNN,0.05327177047729492
1,D-RN,0.05198216438293457
2,D-NSC,0.05979800224304199
3,LSVM,0.5045225620269775
4,LR,1.2976078987121582
