,clf,durations
0,LSVM,0.971936559677124
1,tLSVM,35.974289011955264
2,RF,1.3812394857406616
3,tRF,1043.7121431350708
