,clf,durations
0,LSVM,1.281094741821289
1,tLSVM,50.006020712852475
2,RF,1.4474677085876464
3,tRF,744.1910140752792
