,clf,durations
0,D-KNN,0.021917176246643067
1,D-tKNN,182.96514115333557
2,NSC,0.042141962051391604
3,tNSC,0.04999964237213135
4,MNB,0.016527581214904784
5,tMNB,0.3357762336730957
6,LSVM,1.793563151359558
7,tLSVM,57.066294169425966
8,LR,0.07039899826049804
9,tLR,24.661738109588622
