,clf,durations
0,KNN,0.027060556411743163
1,tKNN,188.07939274311065
2,NSC,0.09072821140289307
3,tNSC,0.5578554153442383
4,MNB,0.02122995853424072
5,tMNB,0.4337749004364014
6,LSVM,0.5272819995880127
7,tLSVM,21.682863545417785
8,LR,0.2537750244140625
9,tLR,30.85716962814331
