,clf,durations
0,KNN,0.03271870613098145
1,tKNN,189.04088814258574
2,NSC,0.09078569412231445
3,tNSC,2.775190758705139
4,LSVM,0.3294722318649292
5,tLSVM,15.32503650188446
