,clf,durations
0,KNN,0.03116600513458252
1,tKNN,190.54070477485658
2,NSC,0.08731205463409424
3,tNSC,1.518429732322693
4,LSVM,0.2902099847793579
5,tLSVM,13.769279026985169
