,clf,durations
0,LSVM,0.9815533638000489
1,tLSVM,36.75367867946625
2,RF,1.4223632335662841
3,tRF,1047.2367496967315
