,clf,durations
0,LSVM,0.2848362445831299
1,tLSVM,12.11240861415863
2,RF,1.217829966545105
3,tRF,718.3297912120819
