,clf,durations
0,LSVM,1.2671496629714967
1,tLSVM,49.2161144733429
2,RF,1.4446091175079345
3,tRF,746.0380089998246
