,clf,durations
0,LSVM,0.3098966121673584
1,tLSVM,13.059776973724365
2,RF,1.2323010206222533
3,tRF,727.2226925611496
